-- Users Database: профили пользователей

INSERT INTO user_profiles (id, username, first_name, last_name) VALUES
    ('a0000000-0000-0000-0000-000000000001', 'chef_ivan',    'Иван',     'Петров'),
    ('a0000000-0000-0000-0000-000000000002', 'cook_maria',   'Мария',    'Сидорова'),
    ('a0000000-0000-0000-0000-000000000003', 'baker_pavel',  'Павел',    'Кузнецов'),
    ('a0000000-0000-0000-0000-000000000004', 'foodie_anna',  'Анна',     'Иванова'),
    ('a0000000-0000-0000-0000-000000000005', 'grill_master', 'Дмитрий',  'Соколов'),
    ('a0000000-0000-0000-0000-000000000006', 'vegan_olga',   'Ольга',    'Новикова'),
    ('a0000000-0000-0000-0000-000000000007', 'sushi_ken',    'Кен',      'Танака'),
    ('a0000000-0000-0000-0000-000000000008', 'pasta_lover',  'Елена',    'Козлова'),
    ('a0000000-0000-0000-0000-000000000009', 'spice_girl',   'Наталья',  'Морозова'),
    ('a0000000-0000-0000-0000-00000000000a', 'bbq_king',     'Алексей',  'Волков');

-- Рецепты, созданные пользователями
INSERT INTO user_recipes (user_id, recipe_id) VALUES
    ('a0000000-0000-0000-0000-000000000001', 'b0000000-0000-0000-0000-000000000001'),
    ('a0000000-0000-0000-0000-000000000002', 'b0000000-0000-0000-0000-000000000002'),
    ('a0000000-0000-0000-0000-000000000003', 'b0000000-0000-0000-0000-000000000003'),
    ('a0000000-0000-0000-0000-000000000004', 'b0000000-0000-0000-0000-000000000004'),
    ('a0000000-0000-0000-0000-000000000005', 'b0000000-0000-0000-0000-000000000005'),
    ('a0000000-0000-0000-0000-000000000006', 'b0000000-0000-0000-0000-000000000006'),
    ('a0000000-0000-0000-0000-000000000007', 'b0000000-0000-0000-0000-000000000007'),
    ('a0000000-0000-0000-0000-000000000008', 'b0000000-0000-0000-0000-000000000008'),
    ('a0000000-0000-0000-0000-000000000009', 'b0000000-0000-0000-0000-000000000009'),
    ('a0000000-0000-0000-0000-00000000000a', 'b0000000-0000-0000-0000-00000000000a');

-- Избранные рецепты
INSERT INTO user_favorites (user_id, recipe_id) VALUES
    ('a0000000-0000-0000-0000-000000000001', 'b0000000-0000-0000-0000-000000000003'),
    ('a0000000-0000-0000-0000-000000000001', 'b0000000-0000-0000-0000-000000000005'),
    ('a0000000-0000-0000-0000-000000000002', 'b0000000-0000-0000-0000-000000000001'),
    ('a0000000-0000-0000-0000-000000000003', 'b0000000-0000-0000-0000-000000000001'),
    ('a0000000-0000-0000-0000-000000000004', 'b0000000-0000-0000-0000-000000000007'),
    ('a0000000-0000-0000-0000-000000000005', 'b0000000-0000-0000-0000-00000000000a'),
    ('a0000000-0000-0000-0000-000000000006', 'b0000000-0000-0000-0000-000000000002'),
    ('a0000000-0000-0000-0000-000000000007', 'b0000000-0000-0000-0000-000000000009'),
    ('a0000000-0000-0000-0000-000000000008', 'b0000000-0000-0000-0000-000000000006'),
    ('a0000000-0000-0000-0000-000000000009', 'b0000000-0000-0000-0000-000000000004');



-- Auth Database: учётные данные

INSERT INTO user_credentials (id, login, password_hash, email, facebook_id, google_id) VALUES
    ('a0000000-0000-0000-0000-000000000001', 'chef_ivan',    'hash_pass_1',  'ivan@example.com',     NULL, 'google_ivan'),
    ('a0000000-0000-0000-0000-000000000002', 'cook_maria',   'hash_pass_2',  'maria@example.com',    NULL, NULL),
    ('a0000000-0000-0000-0000-000000000003', 'baker_pavel',  'hash_pass_3',  'pavel@example.com',    'fb_pavel', NULL),
    ('a0000000-0000-0000-0000-000000000004', 'foodie_anna',  'hash_pass_4',  'anna@example.com',     NULL, NULL),
    ('a0000000-0000-0000-0000-000000000005', 'grill_master', 'hash_pass_5',  'dmitry@example.com',   NULL, NULL),
    ('a0000000-0000-0000-0000-000000000006', 'vegan_olga',   'hash_pass_6',  'olga@example.com',     NULL, 'google_olga'),
    ('a0000000-0000-0000-0000-000000000007', 'sushi_ken',    'hash_pass_7',  'ken@example.com',      NULL, NULL),
    ('a0000000-0000-0000-0000-000000000008', 'pasta_lover',  'hash_pass_8',  'elena@example.com',    NULL, NULL),
    ('a0000000-0000-0000-0000-000000000009', 'spice_girl',   'hash_pass_9',  'natalia@example.com',  'fb_natalia', NULL),
    ('a0000000-0000-0000-0000-00000000000a', 'bbq_king',     'hash_pass_10', 'alexey@example.com',   NULL, NULL);



-- Recipes Database: рецепты и ингредиенты

INSERT INTO recipes (id, title, description, instructions, cooking_time_minutes, author_id, favorite_count, created_at) VALUES
    ('b0000000-0000-0000-0000-000000000001', 'Борщ классический',
     'Традиционный русский суп со свёклой и мясом.',
     '1. Сварить бульон. 2. Обжарить овощи. 3. Добавить свёклу. 4. Варить 30 минут. 5. Подавать со сметаной.',
     90, 'a0000000-0000-0000-0000-000000000001', 2, '2025-01-15 10:00:00'),

    ('b0000000-0000-0000-0000-000000000002', 'Цезарь с курицей',
     'Классический салат Цезарь с куриным филе.',
     '1. Обжарить курицу. 2. Нарезать салат. 3. Добавить сухари. 4. Полить соусом.',
     30, 'a0000000-0000-0000-0000-000000000002', 1, '2025-02-10 12:00:00'),

    ('b0000000-0000-0000-0000-000000000003', 'Шарлотка яблочная',
     'Нежный пирог с яблоками.',
     '1. Взбить яйца с сахаром. 2. Добавить муку. 3. Нарезать яблоки. 4. Выпекать 40 минут.',
     60, 'a0000000-0000-0000-0000-000000000003', 1, '2025-03-05 14:00:00'),

    ('b0000000-0000-0000-0000-000000000004', 'Оливье',
     'Популярный новогодний салат.',
     '1. Отварить овощи. 2. Нарезать кубиками. 3. Добавить горошек. 4. Заправить майонезом.',
     45, 'a0000000-0000-0000-0000-000000000004', 1, '2025-03-20 09:00:00'),

    ('b0000000-0000-0000-0000-000000000005', 'Стейк из говядины',
     'Сочный стейк medium rare.',
     '1. Дать мясу нагреться до комнатной. 2. Посолить поперчить. 3. Обжарить по 3 минуты с каждой стороны. 4. Дать отдохнуть 5 минут.',
     20, 'a0000000-0000-0000-0000-000000000005', 1, '2025-04-01 18:00:00'),

    ('b0000000-0000-0000-0000-000000000006', 'Тыквенный суп-пюре',
     'Нежный крем-суп из тыквы.',
     '1. Нарезать тыкву кубиками. 2. Отварить в бульоне. 3. Взбить блендером. 4. Добавить сливки.',
     40, 'a0000000-0000-0000-0000-000000000006', 1, '2025-04-15 11:00:00'),

    ('b0000000-0000-0000-0000-000000000007', 'Роллы Филадельфия',
     'Классические роллы с лососем.',
     '1. Сварить рис. 2. Нарезать рыбу. 3. Завернуть в нори. 4. Нарезать роллы.',
     60, 'a0000000-0000-0000-0000-000000000007', 1, '2025-05-01 16:00:00'),

    ('b0000000-0000-0000-0000-000000000008', 'Паста Карбонара',
     'Итальянская паста с беконом и яйцом.',
     '1. Отварить пасту. 2. Обжарить бекон. 3. Смешать яйца с сыром. 4. Соединить всё.',
     25, 'a0000000-0000-0000-0000-000000000008', 0, '2025-05-10 13:00:00'),

    ('b0000000-0000-0000-0000-000000000009', 'Индийское карри',
     'Острое карри с курицей и кокосовым молоком.',
     '1. Обжарить лук и специи. 2. Добавить курицу. 3. Влить кокосовое молоко. 4. Тушить 30 минут.',
     50, 'a0000000-0000-0000-0000-000000000009', 1, '2025-06-01 19:00:00'),

    ('b0000000-0000-0000-0000-00000000000a', 'Шашлык из свинины',
     'Маринованный шашлык на углях.',
     '1. Нарезать мясо. 2. Замариновать на 4 часа. 3. Нанизать на шампуры. 4. Жарить на углях 15 минут.',
     300, 'a0000000-0000-0000-0000-00000000000a', 1, '2025-06-15 20:00:00');

INSERT INTO ingredients (id, recipe_id, name, amount, unit) VALUES
    -- Борщ (рецепт 1)
    ('c0000000-0000-0000-0000-000000000001', 'b0000000-0000-0000-0000-000000000001', 'Говядина',        '500',  'г'),
    ('c0000000-0000-0000-0000-000000000002', 'b0000000-0000-0000-0000-000000000001', 'Свёкла',          '2',    'шт'),
    ('c0000000-0000-0000-0000-000000000003', 'b0000000-0000-0000-0000-000000000001', 'Капуста',         '300',  'г'),
    ('c0000000-0000-0000-0000-000000000004', 'b0000000-0000-0000-0000-000000000001', 'Картофель',       '3',    'шт'),
    ('c0000000-0000-0000-0000-000000000005', 'b0000000-0000-0000-0000-000000000001', 'Морковь',         '1',    'шт'),
    ('c0000000-0000-0000-0000-000000000006', 'b0000000-0000-0000-0000-000000000001', 'Лук',             '1',    'шт'),
    -- Цезарь (рецепт 2)
    ('c0000000-0000-0000-0000-000000000007', 'b0000000-0000-0000-0000-000000000002', 'Куриное филе',    '300',  'г'),
    ('c0000000-0000-0000-0000-000000000008', 'b0000000-0000-0000-0000-000000000002', 'Салат Романо',    '1',    'пучок'),
    ('c0000000-0000-0000-0000-000000000009', 'b0000000-0000-0000-0000-000000000002', 'Пармезан',        '50',   'г'),
    ('c0000000-0000-0000-0000-00000000000a', 'b0000000-0000-0000-0000-000000000002', 'Сухари',          '100',  'г'),
    ('c0000000-0000-0000-0000-00000000000b', 'b0000000-0000-0000-0000-000000000002', 'Соус Цезарь',     '100',  'мл'),
    -- Шарлотка (рецепт 3)
    ('c0000000-0000-0000-0000-00000000000c', 'b0000000-0000-0000-0000-000000000003', 'Яблоко',          '5',    'шт'),
    ('c0000000-0000-0000-0000-00000000000d', 'b0000000-0000-0000-0000-000000000003', 'Яйцо',            '3',    'шт'),
    ('c0000000-0000-0000-0000-00000000000e', 'b0000000-0000-0000-0000-000000000003', 'Сахар',           '200',  'г'),
    ('c0000000-0000-0000-0000-00000000000f', 'b0000000-0000-0000-0000-000000000003', 'Мука',            '200',  'г'),
    ('c0000000-0000-0000-0000-000000000010', 'b0000000-0000-0000-0000-000000000003', 'Разрыхлитель',    '1',    'ч.л.'),
    -- Оливье (рецепт 4)
    ('c0000000-0000-0000-0000-000000000011', 'b0000000-0000-0000-0000-000000000004', 'Картофель',       '4',    'шт'),
    ('c0000000-0000-0000-0000-000000000012', 'b0000000-0000-0000-0000-000000000004', 'Морковь',         '2',    'шт'),
    ('c0000000-0000-0000-0000-000000000013', 'b0000000-0000-0000-0000-000000000004', 'Горошек',         '1',    'банка'),
    ('c0000000-0000-0000-0000-000000000014', 'b0000000-0000-0000-0000-000000000004', 'Колбаса',         '300',  'г'),
    ('c0000000-0000-0000-0000-000000000015', 'b0000000-0000-0000-0000-000000000004', 'Майонез',         '150',  'мл'),
    -- Стейк (рецепт 5)
    ('c0000000-0000-0000-0000-000000000016', 'b0000000-0000-0000-0000-000000000005', 'Говяжья вырезка', '400',  'г'),
    ('c0000000-0000-0000-0000-000000000017', 'b0000000-0000-0000-0000-000000000005', 'Соль',            '1',    'ч.л.'),
    ('c0000000-0000-0000-0000-000000000018', 'b0000000-0000-0000-0000-000000000005', 'Перец чёрный',    '0.5',  'ч.л.'),
    ('c0000000-0000-0000-0000-000000000019', 'b0000000-0000-0000-0000-000000000005', 'Масло оливковое', '2',    'ст.л.'),
    -- Тыквенный суп (рецепт 6)
    ('c0000000-0000-0000-0000-00000000001a', 'b0000000-0000-0000-0000-000000000006', 'Тыква',           '500',  'г'),
    ('c0000000-0000-0000-0000-00000000001b', 'b0000000-0000-0000-0000-000000000006', 'Сливки 20%',      '200',  'мл'),
    ('c0000000-0000-0000-0000-00000000001c', 'b0000000-0000-0000-0000-000000000006', 'Чеснок',          '2',    'зуб'),
    ('c0000000-0000-0000-0000-00000000001d', 'b0000000-0000-0000-0000-000000000006', 'Имбирь',          '1',    'см'),
    -- Роллы Филадельфия (рецепт 7)
    ('c0000000-0000-0000-0000-00000000001e', 'b0000000-0000-0000-0000-000000000007', 'Рис для суши',    '300',  'г'),
    ('c0000000-0000-0000-0000-00000000001f', 'b0000000-0000-0000-0000-000000000007', 'Лосось',          '200',  'г'),
    ('c0000000-0000-0000-0000-000000000020', 'b0000000-0000-0000-0000-000000000007', 'Сливочный сыр',   '150',  'г'),
    ('c0000000-0000-0000-0000-000000000021', 'b0000000-0000-0000-0000-000000000007', 'Нори',            '5',    'лист'),
    ('c0000000-0000-0000-0000-000000000022', 'b0000000-0000-0000-0000-000000000007', 'Уксус рисовый',  '2',    'ст.л.'),
    ('c0000000-0000-0000-0000-000000000023', 'b0000000-0000-0000-0000-000000000007', 'Авокадо',         '1',    'шт'),
    -- Паста Карбонара (рецепт 8)
    ('c0000000-0000-0000-0000-000000000024', 'b0000000-0000-0000-0000-000000000008', 'Спагетти',        '400',  'г'),
    ('c0000000-0000-0000-0000-000000000025', 'b0000000-0000-0000-0000-000000000008', 'Бекон',           '200',  'г'),
    ('c0000000-0000-0000-0000-000000000026', 'b0000000-0000-0000-0000-000000000008', 'Яйцо',            '3',    'шт'),
    ('c0000000-0000-0000-0000-000000000027', 'b0000000-0000-0000-0000-000000000008', 'Пармезан',        '100',  'г'),
    -- Индийское карри (рецепт 9)
    ('c0000000-0000-0000-0000-000000000028', 'b0000000-0000-0000-0000-000000000009', 'Куриное филе',    '400',  'г'),
    ('c0000000-0000-0000-0000-000000000029', 'b0000000-0000-0000-0000-000000000009', 'Кокосовое молоко','400',  'мл'),
    ('c0000000-0000-0000-0000-00000000002a', 'b0000000-0000-0000-0000-000000000009', 'Паста карри',     '3',    'ст.л.'),
    ('c0000000-0000-0000-0000-00000000002b', 'b0000000-0000-0000-0000-000000000009', 'Лук',             '2',    'шт'),
    ('c0000000-0000-0000-0000-00000000002c', 'b0000000-0000-0000-0000-000000000009', 'Чеснок',          '3',    'зуб'),
    -- Шашлык (рецепт 10)
    ('c0000000-0000-0000-0000-00000000002d', 'b0000000-0000-0000-0000-00000000000a', 'Свинина',         '1',    'кг'),
    ('c0000000-0000-0000-0000-00000000002e', 'b0000000-0000-0000-0000-00000000000a', 'Лук репчатый',    '3',    'шт'),
    ('c0000000-0000-0000-0000-00000000002f', 'b0000000-0000-0000-0000-00000000000a', 'Уксус',           '50',   'мл'),
    ('c0000000-0000-0000-0000-000000000030', 'b0000000-0000-0000-0000-00000000000a', 'Масло растительное','50', 'мл'),
    ('c0000000-0000-0000-0000-000000000031', 'b0000000-0000-0000-0000-00000000000a', 'Специи для шашлыка','2',  'ст.л.');
