-- Тестовые данные: Users Database
\c users_db

INSERT INTO user_profiles (id, username, first_name, last_name) VALUES
    ('a0000000-0000-0000-0000-000000000001', 'chef_ivan',    'Иван',     'Петров'),
    ('a0000000-0000-0000-0000-000000000002', 'cook_maria',   'Мария',    'Сидорова'),
    ('a0000000-0000-0000-0000-000000000003', 'baker_pavel',  'Павел',    'Кузнецов'),
    ('a0000000-0000-0000-0000-000000000004', 'foodie_anna',  'Анна',     'Иванова'),
    ('a0000000-0000-0000-0000-000000000005', 'grill_master', 'Дмитрий',  'Соколов'),
    ('a0000000-0000-0000-0000-000000000006', 'vegan_olga',   'Ольга',    'Новикова'),
    ('a0000000-0000-0000-0000-000000000007', 'sushi_ken',    'Кен',      'Танака'),
    ('a0000000-0000-0000-0000-000000000008', 'pasta_lover',  'Елена',    'Козлова'),
    ('a0000000-0000-0000-0000-000000000009', 'spice_girl',   'Наталья',  'Морозова'),
    ('a0000000-0000-0000-0000-00000000000a', 'bbq_king',     'Алексей',  'Волков');

INSERT INTO user_recipes (user_id, recipe_id) VALUES
    ('a0000000-0000-0000-0000-000000000001', 'b0000000-0000-0000-0000-000000000001'),
    ('a0000000-0000-0000-0000-000000000002', 'b0000000-0000-0000-0000-000000000002'),
    ('a0000000-0000-0000-0000-000000000003', 'b0000000-0000-0000-0000-000000000003'),
    ('a0000000-0000-0000-0000-000000000004', 'b0000000-0000-0000-0000-000000000004'),
    ('a0000000-0000-0000-0000-000000000005', 'b0000000-0000-0000-0000-000000000005'),
    ('a0000000-0000-0000-0000-000000000006', 'b0000000-0000-0000-0000-000000000006'),
    ('a0000000-0000-0000-0000-000000000007', 'b0000000-0000-0000-0000-000000000007'),
    ('a0000000-0000-0000-0000-000000000008', 'b0000000-0000-0000-0000-000000000008'),
    ('a0000000-0000-0000-0000-000000000009', 'b0000000-0000-0000-0000-000000000009'),
    ('a0000000-0000-0000-0000-00000000000a', 'b0000000-0000-0000-0000-00000000000a');

INSERT INTO user_favorites (user_id, recipe_id) VALUES
    ('a0000000-0000-0000-0000-000000000001', 'b0000000-0000-0000-0000-000000000003'),
    ('a0000000-0000-0000-0000-000000000001', 'b0000000-0000-0000-0000-000000000005'),
    ('a0000000-0000-0000-0000-000000000002', 'b0000000-0000-0000-0000-000000000001'),
    ('a0000000-0000-0000-0000-000000000003', 'b0000000-0000-0000-0000-000000000001'),
    ('a0000000-0000-0000-0000-000000000004', 'b0000000-0000-0000-0000-000000000007'),
    ('a0000000-0000-0000-0000-000000000005', 'b0000000-0000-0000-0000-00000000000a'),
    ('a0000000-0000-0000-0000-000000000006', 'b0000000-0000-0000-0000-000000000002'),
    ('a0000000-0000-0000-0000-000000000007', 'b0000000-0000-0000-0000-000000000009'),
    ('a0000000-0000-0000-0000-000000000008', 'b0000000-0000-0000-0000-000000000006'),
    ('a0000000-0000-0000-0000-000000000009', 'b0000000-0000-0000-0000-000000000004');
